rsID,Protein,Consequence,ClinVar,CHR,POS_GRCh38,POS_GRCh37,AF_EAS,AF_AFR,AF_EUR,AF_SAS,AF_AMR,AF_popmax,r2_V370A,Note,Group
rs886039348,W374*,stop_gained,Pathogenic/Likely pathogenic,2.0,108897133.0,109513589.0,0.0,0.0,0.0,0.0,0.0,,,,A
rs557166582,R98W,missense_variant,Pathogenic/Likely pathogenic,2.0,108929262.0,109545718.0,0.0,0.0,0.0,0.00102249,0.0,,,,A
rs121908450,R89H,missense_variant,Pathogenic/Likely pathogenic,2.0,108929288.0,109545744.0,0.0,0.0,0.0,0.0,0.0,,,,A
rs550414401,A26V,missense_variant,Pathogenic/Likely pathogenic,2.0,108930217.0,109546673.0,0.0,0.0,0.0,0.0,0.0,,,,A
rs886039564,R358Q,missense_variant,Pathogenic/Likely pathogenic,2.0,108897181.0,109513637.0,0.0,0.0,0.0,0.0,0.0,,,,A
rs2470612697,C428R,missense_variant,Pathogenic/Likely pathogenic,2.0,108896972.0,109513428.0,0.0,0.0,0.0,0.0,0.0,,,,A
rs121908453,R420Q,missense_variant,Pathogenic/Likely pathogenic,2.0,108896995.0,109513451.0,0.0,0.0,0.0,0.0,0.0,,,,A
rs2470612633,E433*,stop_gained,Pathogenic,2.0,108896957.0,109513413.0,0.0,0.0,0.0,0.0,0.0,,,,A
rs773132518,R25*,stop_gained,Pathogenic,2.0,108930221.0,109546677.0,0.0,0.0,0.0,0.0,0.0,,,,A
rs2105390253,,splice_acceptor_variant,Pathogenic,2.0,108906369.0,109522825.0,0.0,0.0,0.0,0.0,0.0,,,,A
rs2470612948,Y406*,stop_gained,Pathogenic,2.0,108897036.0,109513492.0,0.0,0.0,0.0,0.0,0.0,,,,A
rs121908452,R358*,stop_gained,Pathogenic,2.0,108897182.0,109513638.0,0.0,0.0,0.0,0.0,0.0,,,,A
rs1696805876,K327*,stop_gained,Pathogenic,2.0,108906353.0,109522809.0,0.0,0.0,0.0,0.0,0.0,,,,A
rs121908456,E354*,stop_gained,Pathogenic,2.0,108897194.0,109513650.0,0.0,0.0,0.0,0.0,0.0,,,,A
rs1432041144,E311*,stop_gained,Pathogenic,2.0,108907892.0,109524348.0,0.0,0.0,0.0,0.0,0.0,,,,A
rs199544410,C301*,stop_gained,Pathogenic,2.0,108907920.0,109524376.0,0.0,0.0,0.0,0.0,0.0,,,,A
rs773885029,W434G,missense_variant,Pathogenic,2.0,108896954.0,109513410.0,0.0,0.0,0.0,0.0,0.0,,,,A
rs1696608702,I431T,missense_variant,Pathogenic,2.0,108896962.0,109513418.0,0.0,0.0,0.0,0.0,0.0,,,,A
rs368841777,,splice_donor_variant,Pathogenic,2.0,108923367.0,109539823.0,0.0,0.0,0.0,0.0,0.0,,,,A
rs1574368295,,splice_donor_variant,Pathogenic,2.0,108906306.0,109522762.0,0.0,0.0,0.0,0.0,0.0,,,,A
rs1553444895,,splice_donor_variant,Pathogenic,2.0,108906307.0,109522763.0,0.0,0.0,0.0,0.0,0.0,,,,A
rs797044437,,splice_donor_variant,Pathogenic,2.0,108910459.0,109526915.0,0.0,0.0,0.0,0.0,0.0,,,,A
rs1553445945,,splice_donor_variant,Pathogenic,2.0,108912677.0,109529133.0,0.0,0.0,0.0,0.0,0.0,,,,A
rs797044435,,splice_donor_variant,Pathogenic,2.0,108930963.0,109547419.0,0.0,0.0,0.0,0.0,0.0,,,,A
rs2470708774,Y136*,stop_gained,Likely pathogenic,2.0,108923402.0,109539858.0,0.0,0.0,0.0,0.0,0.0,,,,A
rs749688157,C31*,stop_gained,Likely pathogenic,2.0,108930201.0,109546657.0,0.0,0.0,0.0,0.0,0.0,,,,A
rs886041005,C428*,stop_gained,Likely pathogenic,2.0,108896970.0,109513426.0,0.0,0.0,0.0,0.0,0.0,,,,A
rs61761321,p.Met107Val,missense_variant,Conflicting classifications of pathogenicity,2.0,108929235.0,109545691.0,0.0902778,0.00075643,0.0,0.00204499,0.0,0.0838939630207173,,,B
rs79648056,p.Ser274Ser,synonymous_variant,Benign/Likely benign,2.0,108908001.0,109524457.0,0.0,0.0824508,0.0,0.0,0.00432277,0.0682163922175665,,,B
rs114808659,p.Gly239Arg,missense_variant,Benign,2.0,108910887.0,109527343.0,0.0,0.0832073,0.0,0.0,0.00432277,0.0679170332453544,,,B
rs79798733,p.Val246Met,missense_variant,Benign,2.0,108910527.0,109526983.0,0.0,0.0287443,0.0,0.0,0.0,0.03331288507188,,,B
rs3749099,p.Pro290Pro,synonymous_variant,Benign/Likely benign,2.0,108907953.0,109524409.0,0.0138889,0.00453858,0.00894632,0.0286299,0.00432277,0.0303665388388477,,,B
rs146567337,p.Ser380Arg,missense_variant,Conflicting classifications of pathogenicity,,,109513572.0,0.030754,0.0,0.0,0.00102249,0.0,0.02403,,,B
rs3827760,V370A,missense_variant,,2.0,,109513601.0,0.873016,0.00302572,0.0109344,0.0132924,0.391931,,1.0,"Positivkontrolle — Kamberov 2013, Sabeti 2007",C
rs4676213,,intron_variant,,2.0,,109483295.0,0.859127,0.00302572,0.0109344,0.0143149,0.39049,,0.896899,"LD-Partner V370A — Top 4 nach r², 1000G EAS Phase 3",C
rs72627476,,intron_variant,,2.0,,109451118.0,0.862103,0.00302572,0.0109344,0.0122699,0.387608,,0.885791,"LD-Partner V370A — Top 4 nach r², 1000G EAS Phase 3",C
